{
  "project_info": {
    "project_number": "234296662759",
    "project_id": "praktikum8ajah",
    "storage_bucket": "praktikum8ajah.firebasestorage.app"
  },
  "client": [
    {
      "client_info": {
        "mobilesdk_app_id": "1:234296662759:android:5682b1e183ade10a86a042",
        "android_client_info": {
          "package_name": "com.example.pertemuan8_ajah"
        }
      },
      "oauth_client": [],
      "api_key": [
        {
          "current_key": "AIzaSyAIUva7Gc-bUBkx1-ZdaqDr5QMqxb3KqmY"
        }
      ],
      "services": {
        "appinvite_service": {
          "other_platform_oauth_client": []
        }
      }
    }
  ],
  "configuration_version": "1"
}