{
  "project_info": {
    "project_number": "308431322691",
    "firebase_url": "https://prak9-dc092-default-rtdb.asia-southeast1.firebasedatabase.app",
    "project_id": "prak9-dc092",
    "storage_bucket": "prak9-dc092.appspot.com"
  },
  "client": [
    {
      "client_info": {
        "mobilesdk_app_id": "1:308431322691:android:3ea6ba59264505a0f25ef6",
        "android_client_info": {
          "package_name": "com.example.pertemuan8_ajah"
        }
      },
      "oauth_client": [],
      "api_key": [
        {
          "current_key": "AIzaSyBSF7iKyYJ715A-sZifBDRSYM2Z_NEjDwk"
        }
      ],
      "services": {
        "appinvite_service": {
          "other_platform_oauth_client": []
        }
      }
    },
    {
      "client_info": {
        "mobilesdk_app_id": "1:308431322691:android:d5f8fa852fc11019f25ef6",
        "android_client_info": {
          "package_name": "com.example.pertemuan9_nih"
        }
      },
      "oauth_client": [],
      "api_key": [
        {
          "current_key": "AIzaSyBSF7iKyYJ715A-sZifBDRSYM2Z_NEjDwk"
        }
      ],
      "services": {
        "appinvite_service": {
          "other_platform_oauth_client": []
        }
      }
    },
    {
      "client_info": {
        "mobilesdk_app_id": "1:308431322691:android:07ea7a5216013d61f25ef6",
        "android_client_info": {
          "package_name": "com.example.pertemuanterakhirnihh"
        }
      },
      "oauth_client": [],
      "api_key": [
        {
          "current_key": "AIzaSyBSF7iKyYJ715A-sZifBDRSYM2Z_NEjDwk"
        }
      ],
      "services": {
        "appinvite_service": {
          "other_platform_oauth_client": []
        }
      }
    }
  ],
  "configuration_version": "1"
}